{"tL1NRyqKwJOCmUECmIQqO-07:00:00": {"stop_id": 439, "osm_node_id": 3969615351, "walk": 497.7433401942676, "path": [4166047227, 1886562849, 6977064734, 6977079033, 6977079054, 6987704483, 7006574878, 6977079053, 339078213, 339078215, 3969615351]}, "FUo5FExiKwUTpyTUJYA7R-07:00:00": {"stop_id": 291, "osm_node_id": 7257436116, "walk": 653.2309213997495, "path": [4166047227, 1886562849, 6977064720, 6977064719, 4166054337, 1886562895, 6986740396, 6977079022, 4166048754, 1886562842, 6346410642, 339078211, 4709690776, 5064688375, 7257436116]}, "oL-cc2-4cc5VXM7r-ShUc-07:00:00": {"stop_id": 291, "osm_node_id": 7257436116, "walk": 653.2309213997495, "path": [4166047227, 1886562849, 6977064720, 6977064719, 4166054337, 1886562895, 6986740396, 6977079022, 4166048754, 1886562842, 6346410642, 339078211, 4709690776, 5064688375, 7257436116]}, "z8pSD1wGRKg4oVh4eC0Iw-07:00:00": {"stop_id": 291, "osm_node_id": 7257436116, "walk": 653.2309213997495, "path": [4166047227, 1886562849, 6977064720, 6977064719, 4166054337, 1886562895, 6986740396, 6977079022, 4166048754, 1886562842, 6346410642, 339078211, 4709690776, 5064688375, 7257436116]}, "H4Zrbg3RLebdgA2rD0SL4-07:00:00": {"stop_id": 292, "osm_node_id": 7257436116, "walk": 653.2309213997495, "path": [4166047227, 1886562849, 6977064720, 6977064719, 4166054337, 1886562895, 6986740396, 6977079022, 4166048754, 1886562842, 6346410642, 339078211, 4709690776, 5064688375, 7257436116]}}