{"TWnfYDX6BkJirORXmg2hv-07:00:00": {"stop_id": 334, "osm_node_id": 6942587478, "walk": 145.61484899213048, "path": [8432185075, 8432185076, 4326497475, 6494846773, 6942587478]}, "gqntW1mb4ahLW_IHlR39R-07:00:00": {"stop_id": 336, "osm_node_id": 265746703, "walk": 199.85454867044686, "path": [8432185075, 8432185076, 4326497475, 6942587501, 4326497482, 265746704, 265746703]}, "EglZxh1NkJA5Jax303ARy-07:00:00": {"stop_id": 335, "osm_node_id": 6942587547, "walk": 226.78963149927682, "path": [8432185075, 8432185076, 4326497475, 6942587501, 4326497482, 265746704, 265746703, 6942587547]}, "rz-CFcB9J3xy60VYWjZAn-07:00:00": {"stop_id": 335, "osm_node_id": 6942587547, "walk": 226.78963149927682, "path": [8432185075, 8432185076, 4326497475, 6942587501, 4326497482, 265746704, 265746703, 6942587547]}, "_npHlyCCY7o0R20RyqvT8-07:00:00": {"stop_id": 348, "osm_node_id": 6944660397, "walk": 640.4209085695252, "path": [8432185075, 8432185076, 4326497475, 6494846773, 6942587478, 6942587492, 6944647696, 6944660384, 6944660400, 522307782, 6944660397]}, "gp93eQ2WYNnUOJrA17bFP-07:00:00": {"stop_id": 348, "osm_node_id": 6944660397, "walk": 640.4209085695252, "path": [8432185075, 8432185076, 4326497475, 6494846773, 6942587478, 6942587492, 6944647696, 6944660384, 6944660400, 522307782, 6944660397]}, "PAh8O-96IhPU2mfK1XGjm-07:00:00": {"stop_id": 348, "osm_node_id": 6944660397, "walk": 640.4209085695252, "path": [8432185075, 8432185076, 4326497475, 6494846773, 6942587478, 6942587492, 6944647696, 6944660384, 6944660400, 522307782, 6944660397]}, "aL3IoFC8Ob46ci80-r5J_-07:00:00": {"stop_id": 337, "osm_node_id": 602781261, "walk": 644.6549401084307, "path": [8432185075, 8432185063, 8432185049, 8432185079, 8432185091, 8432185088, 602781261]}, "APpubImR-DQ7ipx8VqTDi-07:00:00": {"stop_id": 337, "osm_node_id": 602781261, "walk": 644.6549401084307, "path": [8432185075, 8432185063, 8432185049, 8432185079, 8432185091, 8432185088, 602781261]}, "QyDZF4yDNAntbYpYmjfxj-07:00:00": {"stop_id": 337, "osm_node_id": 602781261, "walk": 644.6549401084307, "path": [8432185075, 8432185063, 8432185049, 8432185079, 8432185091, 8432185088, 602781261]}, "ZBtB-FXg8HG9MZ8swYNuQ-07:00:00": {"stop_id": 337, "osm_node_id": 602781261, "walk": 644.6549401084307, "path": [8432185075, 8432185063, 8432185049, 8432185079, 8432185091, 8432185088, 602781261]}, "1pTTdCYNksTHRhSFGpg76-07:00:00": {"stop_id": 347, "osm_node_id": 265746717, "walk": 670.519496856577, "path": [8432185075, 8432185076, 4326497475, 6494846773, 6942587478, 6942587492, 6944647696, 6944660384, 6944660400, 522307782, 6944660397, 265746717]}, "3SynmEGmJSDoBYRTRgEkj-07:00:00": {"stop_id": 347, "osm_node_id": 265746717, "walk": 670.519496856577, "path": [8432185075, 8432185076, 4326497475, 6494846773, 6942587478, 6942587492, 6944647696, 6944660384, 6944660400, 522307782, 6944660397, 265746717]}, "fZK7Eo97quKfWNkbl9oTR-07:00:00": {"stop_id": 347, "osm_node_id": 265746717, "walk": 670.519496856577, "path": [8432185075, 8432185076, 4326497475, 6494846773, 6942587478, 6942587492, 6944647696, 6944660384, 6944660400, 522307782, 6944660397, 265746717]}, "nnllgPNq1yuc-OXURFNAG-07:00:00": {"stop_id": 347, "osm_node_id": 265746717, "walk": 670.519496856577, "path": [8432185075, 8432185076, 4326497475, 6494846773, 6942587478, 6942587492, 6944647696, 6944660384, 6944660400, 522307782, 6944660397, 265746717]}, "mL3nX7_Swe2eUme5B7Ufy-07:00:00": {"stop_id": 352, "osm_node_id": 1893396022, "walk": 690.3800299240215, "path": [8432185075, 8432185076, 4326497475, 6942587501, 4326497482, 265746704, 6942587465, 7034930003, 6942587424, 6942587450, 6942587452, 6942587419, 6942587454, 6942587456, 6942587460, 6942587422, 6942587420, 5894279254, 1893396022]}, "pLOjOa2QgHvzgt6C_kcel-07:00:00": {"stop_id": 352, "osm_node_id": 1893396022, "walk": 690.3800299240215, "path": [8432185075, 8432185076, 4326497475, 6942587501, 4326497482, 265746704, 6942587465, 7034930003, 6942587424, 6942587450, 6942587452, 6942587419, 6942587454, 6942587456, 6942587460, 6942587422, 6942587420, 5894279254, 1893396022]}, "iUaEgr0LK4VOSZFkdzur6-07:00:00": {"stop_id": 353, "osm_node_id": 1893396022, "walk": 690.3800299240215, "path": [8432185075, 8432185076, 4326497475, 6942587501, 4326497482, 265746704, 6942587465, 7034930003, 6942587424, 6942587450, 6942587452, 6942587419, 6942587454, 6942587456, 6942587460, 6942587422, 6942587420, 5894279254, 1893396022]}, "Wq0wtD2-ddsT-JtVfCc3g-07:00:00": {"stop_id": 338, "osm_node_id": 602781295, "walk": 701.9717037695534, "path": [8432185075, 8432185063, 8432185049, 8432185079, 8432185091, 8432185088, 602781261, 5363987336, 5363987334, 602781295]}}