{ "coef": [3.177353778406684], "intercept": -0.1118296539186936 }
